campaign_id,channel,spend,clicks,conversions,event_date
CAMP0001,Email,2702.22,2766,69,2023-12-05
CAMP0002,Paid Search,1060.74,3439,117,2023-09-27
CAMP0003,Social Media,2156.24,1581,159,2023-12-19
CAMP0004,Organic,0,3965,43,2023-10-03
CAMP0005,Email,2012.57,1633,41,2023-12-16
CAMP0006,Email,1200.6,3109,97,2023-09-17
CAMP0007,Social Media,2301.32,3390,139,2023-11-10
CAMP0008,Referral,326.11,3330,68,2023-09-10
CAMP0009,Referral,397.28,2885,171,2023-10-18
CAMP0010,Social Media,1460.42,1762,123,2023-09-06
CAMP0011,Email,2727.1,3293,93,2023-09-27
CAMP0012,Email,1254.93,2164,188,2023-11-11
CAMP0013,Social Media,2799.56,1165,75,2023-10-01
CAMP0014,Organic,0,1234,115,2023-09-04
CAMP0015,Organic,0,3243,93,2023-12-12
CAMP0016,Paid Search,729.83,942,127,2023-11-29
CAMP0017,Email,2618.2,1317,147,2023-09-29
CAMP0018,Paid Search,1124.02,1432,87,2023-12-11
CAMP0019,Email,2082.09,1844,101,2023-10-22
CAMP0020,Email,2910.6,1938,194,2023-10-06
CAMP0021,Referral,1379.13,2696,114,2023-12-17
CAMP0022,Email,611.42,1231,178,2023-10-04
CAMP0023,Paid Search,403.29,2279,118,2023-11-16
CAMP0024,Paid Search,1478.26,973,128,2023-11-05
CAMP0025,Referral,813.21,3403,141,2023-09-06
CAMP0026,Email,1703.78,2705,80,2023-12-13
CAMP0027,Paid Search,1464.5,1852,189,2023-11-25
CAMP0028,Paid Search,2091.15,3448,106,2023-09-16
CAMP0029,Referral,1135.07,1836,133,2023-10-23
CAMP0030,Paid Search,1796.91,2222,200,2023-09-25
CAMP0031,Organic,0,3564,74,2023-11-26
CAMP0032,Referral,1836.58,2744,30,2023-10-22
CAMP0033,Paid Search,1074.67,3718,178,2023-10-26
CAMP0034,Referral,2067.71,2309,143,2023-10-30
CAMP0035,Social Media,1680.17,3760,73,2023-12-11
CAMP0036,Email,1066.22,3092,188,2023-11-24
CAMP0037,Paid Search,552.15,1462,109,2023-12-06
CAMP0038,Social Media,2477.72,600,41,2023-09-19
CAMP0039,Social Media,2956.63,3980,48,2023-11-18
CAMP0040,Organic,0,3079,177,2023-10-24
CAMP0041,Social Media,2239.53,2524,132,2023-10-20
CAMP0042,Social Media,698.44,522,57,2023-11-28
CAMP0043,Organic,0,1220,162,2023-09-29
CAMP0044,Organic,0,2783,93,2023-09-07
CAMP0045,Email,1532.45,2403,200,2023-12-12
CAMP0046,Referral,2967.31,1799,143,2023-11-16
CAMP0047,Referral,2500.52,2567,139,2023-12-24
CAMP0048,Referral,1503.97,3546,151,2023-09-21
CAMP0049,Organic,0,3579,93,2023-10-04
CAMP0050,Paid Search,2367.7,2484,190,2023-11-06
CAMP0051,Social Media,1041.41,3422,103,2023-09-10
CAMP0052,Social Media,1033.63,2712,50,2023-10-11
CAMP0053,Social Media,707.24,3342,69,2023-10-20
CAMP0054,Social Media,473.42,1855,168,2023-10-23
CAMP0055,Organic,0,755,82,2023-10-24
CAMP0056,Organic,0,3653,179,2023-10-20
CAMP0057,Email,2613.18,2858,127,2023-12-07
CAMP0058,Organic,0,1940,106,2023-09-01
CAMP0059,Organic,0,3923,137,2023-12-19
CAMP0060,Referral,2318.29,3776,184,2023-11-09
CAMP0061,Social Media,1618.22,2285,154,2023-10-05
CAMP0062,Email,1349.91,3281,133,2023-11-25
CAMP0063,Social Media,2569.37,1022,189,2023-12-27
CAMP0064,Referral,372.81,2924,174,2023-10-21
CAMP0065,Email,526.66,1055,148,2023-10-25
CAMP0066,Social Media,435.77,1840,84,2023-10-19
CAMP0067,Organic,0,1882,127,2023-10-12
CAMP0068,Paid Search,2330.43,2226,94,2023-12-16
CAMP0069,Email,1569.83,2709,43,2023-12-05
CAMP0070,Paid Search,905.4,3699,196,2023-09-09
CAMP0071,Email,2336.43,1316,35,2023-10-02
CAMP0072,Referral,711.43,2439,59,2023-09-17
CAMP0073,Referral,2858.94,3365,95,2023-10-30
CAMP0074,Paid Search,753.03,3563,59,2023-11-17
CAMP0075,Social Media,2904.75,2870,36,2023-09-14
CAMP0076,Paid Search,1854.65,2037,131,2023-12-26
CAMP0077,Social Media,505.19,3902,190,2023-11-28
CAMP0078,Social Media,575.13,1735,183,2023-12-08
CAMP0079,Email,2449.81,3705,40,2023-11-12
CAMP0080,Paid Search,1738.41,2017,47,2023-11-24
CAMP0081,Referral,2048.37,3979,137,2023-09-02
CAMP0082,Organic,0,2275,122,2023-09-14
CAMP0083,Organic,0,1126,141,2023-11-30
CAMP0084,Social Media,2281.25,1606,187,2023-11-23
CAMP0085,Referral,2391.53,2284,181,2023-10-30
CAMP0086,Paid Search,1170.22,3902,52,2023-10-02
CAMP0087,Paid Search,2680.4,3573,148,2023-10-02
CAMP0088,Referral,1947.9,1877,37,2023-10-19
CAMP0089,Organic,0,1831,76,2023-12-18
CAMP0090,Organic,0,1953,96,2023-09-28
CAMP0091,Paid Search,1055.08,3372,100,2023-11-16
CAMP0092,Referral,327.41,850,91,2023-09-25
CAMP0093,Organic,0,2774,91,2023-11-02
CAMP0094,Organic,0,3415,155,2023-11-22
CAMP0095,Organic,0,570,53,2023-12-11
CAMP0096,Paid Search,898.31,1496,108,2023-11-28
CAMP0097,Referral,1296.36,2674,118,2023-11-10
CAMP0098,Organic,0,2754,114,2023-12-05
CAMP0099,Paid Search,2197.71,1755,94,2023-10-05
CAMP0100,Social Media,625.77,1792,60,2023-09-25
CAMP0101,Referral,2867.37,1258,79,2023-11-28
CAMP0102,Social Media,2294.23,3467,180,2023-10-06
CAMP0103,Referral,1911.33,3910,79,2023-09-13
CAMP0104,Paid Search,914.2,1738,33,2023-09-23
CAMP0105,Referral,641.77,723,171,2023-09-06
CAMP0106,Paid Search,2183.03,3112,155,2023-09-17
CAMP0107,Email,2656.34,1664,150,2023-11-13
CAMP0108,Organic,0,1895,77,2023-10-27
CAMP0109,Email,981.69,2456,59,2023-12-20
CAMP0110,Email,1381.91,2863,191,2023-09-10
CAMP0111,Email,709.66,2805,107,2023-12-13
CAMP0112,Email,2983.58,2785,136,2023-09-16
CAMP0113,Referral,1909.54,1424,163,2023-11-19
CAMP0114,Organic,0,2313,106,2023-10-28
CAMP0115,Referral,2973.08,2829,188,2023-10-10
CAMP0116,Email,1946,906,83,2023-12-04
CAMP0117,Social Media,1014.54,1143,91,2023-09-11
CAMP0118,Social Media,1790.38,510,134,2023-09-21
CAMP0119,Organic,0,2932,150,2023-11-28
CAMP0120,Paid Search,388.13,3395,102,2023-10-07
CAMP0121,Organic,0,3315,89,2023-09-10
CAMP0122,Paid Search,2427.14,2915,199,2023-11-20
CAMP0123,Social Media,1447.88,1420,195,2023-11-09
CAMP0124,Social Media,2752.71,1082,48,2023-12-15
CAMP0125,Email,747.99,2937,175,2023-10-10
CAMP0126,Paid Search,1485.71,3320,107,2023-10-30
CAMP0127,Organic,0,1615,158,2023-12-30
CAMP0128,Referral,1633.25,2949,40,2023-09-11
CAMP0129,Organic,0,1820,184,2023-12-04
CAMP0130,Paid Search,369.84,3261,177,2023-09-30
CAMP0131,Referral,2867.12,3253,98,2023-12-07
CAMP0132,Referral,408.63,1217,150,2023-12-06
CAMP0133,Referral,2059.08,1639,76,2023-12-27
CAMP0134,Referral,1476.89,2514,53,2023-12-14
CAMP0135,Organic,0,2172,115,2023-10-15
CAMP0136,Paid Search,2109.36,1158,114,2023-12-19
CAMP0137,Organic,0,2529,103,2023-11-28
CAMP0138,Organic,0,3615,170,2023-12-14
CAMP0139,Email,1528.03,1533,112,2023-10-11
CAMP0140,Email,2919.5,2607,30,2023-10-22
CAMP0141,Referral,1547.34,1268,162,2023-09-07
CAMP0142,Paid Search,1981.11,3061,143,2023-11-03
CAMP0143,Email,849.61,1036,103,2023-11-10
CAMP0144,Organic,0,3360,154,2023-12-22
CAMP0145,Email,377.95,2993,91,2023-11-20
CAMP0146,Social Media,1139.03,2762,134,2023-09-02
CAMP0147,Email,906.69,964,148,2023-12-17
CAMP0148,Email,2048.82,2541,104,2023-09-20
CAMP0149,Referral,2204.61,3919,153,2023-10-24
CAMP0150,Organic,0,2370,171,2023-10-02
CAMP0151,Social Media,1335.68,2955,160,2023-12-27
CAMP0152,Social Media,2632.87,3664,136,2023-10-06
CAMP0153,Paid Search,2822.47,1594,30,2023-11-04
CAMP0154,Paid Search,2260.34,2904,178,2023-12-17
CAMP0155,Organic,0,1108,144,2023-12-20
CAMP0156,Referral,1607.72,2760,169,2023-10-13
CAMP0157,Organic,0,1818,78,2023-10-29
CAMP0158,Social Media,1843.85,3676,135,2023-09-30
CAMP0159,Email,1159.08,3388,127,2023-10-31
CAMP0160,Organic,0,3745,196,2023-11-24
CAMP0161,Social Media,1637.39,1017,158,2023-09-05
CAMP0162,Referral,1196.39,3961,142,2023-09-13
CAMP0163,Email,1720.07,562,66,2023-10-29
CAMP0164,Organic,0,3181,69,2023-12-21
CAMP0165,Email,1567.62,1886,189,2023-10-04
CAMP0166,Organic,0,828,114,2023-11-23
CAMP0167,Referral,1326.03,3067,154,2023-10-11
CAMP0168,Referral,396.93,1461,191,2023-09-09
CAMP0169,Paid Search,2993.05,870,141,2023-12-05
CAMP0170,Email,2353,911,143,2023-11-30
CAMP0171,Social Media,2173.8,618,41,2023-12-25
CAMP0172,Paid Search,2449.59,1968,125,2023-10-08
CAMP0173,Organic,0,1500,165,2023-09-19
CAMP0174,Organic,0,3292,76,2023-11-12
CAMP0175,Social Media,772.69,2066,188,2023-11-18
CAMP0176,Social Media,1643.7,1086,89,2023-11-14
CAMP0177,Organic,0,1540,147,2023-11-21
CAMP0178,Paid Search,2100.47,3795,149,2023-12-25
CAMP0179,Paid Search,2129.55,802,143,2023-09-21
CAMP0180,Paid Search,2966.66,3117,138,2023-10-09
CAMP0181,Paid Search,1533.46,1315,128,2023-10-09
CAMP0182,Organic,0,1471,127,2023-09-14
CAMP0183,Referral,1269.19,3364,105,2023-10-08
CAMP0184,Email,2940.45,2121,100,2023-11-24
CAMP0185,Email,1828.01,3687,42,2023-11-27
CAMP0186,Referral,2311.96,1672,88,2023-12-16
CAMP0187,Referral,2465.22,3107,78,2023-09-29
CAMP0188,Referral,976.69,3452,198,2023-12-06
CAMP0189,Social Media,1996.27,3070,195,2023-12-25
CAMP0190,Email,1134.12,636,178,2023-10-27
CAMP0191,Paid Search,2277.37,1708,113,2023-09-12
CAMP0192,Organic,0,1322,63,2023-09-23
CAMP0193,Referral,2666.44,2674,158,2023-10-17
CAMP0194,Paid Search,2542.28,3877,153,2023-10-03
CAMP0195,Paid Search,2315.71,3794,59,2023-10-14
CAMP0196,Organic,0,1076,87,2023-09-10
CAMP0197,Organic,0,3795,172,2023-12-18
CAMP0198,Paid Search,543.82,557,97,2023-10-21
CAMP0199,Referral,633.69,3255,97,2023-10-18
CAMP0200,Referral,1328.77,2021,57,2023-11-21
CAMP0201,Social Media,1572.99,2799,113,2023-11-19
CAMP0202,Referral,897.69,3102,148,2023-09-09
CAMP0203,Paid Search,2052.95,1072,41,2023-09-15
CAMP0204,Email,1121.78,975,54,2023-11-03
CAMP0205,Social Media,2695.6,2091,146,2023-09-18
CAMP0206,Paid Search,2110.31,3352,168,2023-12-05
CAMP0207,Organic,0,3540,69,2023-11-15
CAMP0208,Organic,0,905,155,2023-11-23
CAMP0209,Referral,1401.91,634,124,2023-10-06
CAMP0210,Social Media,1497.13,1985,55,2023-10-01
CAMP0211,Paid Search,1770.06,1969,45,2023-11-22
CAMP0212,Organic,0,1277,61,2023-10-06
CAMP0213,Organic,0,3214,84,2023-09-12
CAMP0214,Referral,2921.95,3722,115,2023-09-07
CAMP0215,Social Media,2969.82,2812,82,2023-12-10
CAMP0216,Email,2540.51,1348,180,2023-11-10
CAMP0217,Social Media,2495.24,1845,67,2023-09-30
CAMP0218,Referral,307.66,1092,63,2023-12-19
CAMP0219,Referral,976.77,950,199,2023-09-23
CAMP0220,Email,655.87,3735,90,2023-10-16
CAMP0221,Referral,1174.18,1586,43,2023-09-23
CAMP0222,Social Media,2302.64,965,46,2023-11-07
CAMP0223,Organic,0,3686,122,2023-10-28
CAMP0224,Referral,1902.9,2563,86,2023-10-28
CAMP0225,Referral,417.09,3198,163,2023-12-10
CAMP0226,Paid Search,1536.71,749,152,2023-09-04
CAMP0227,Organic,0,3310,57,2023-10-25
CAMP0228,Organic,0,2316,48,2023-12-01
CAMP0229,Email,1169.7,769,62,2023-09-19
CAMP0230,Paid Search,1985.66,2746,113,2023-11-14
CAMP0231,Organic,0,2673,105,2023-11-16
CAMP0232,Organic,0,2979,140,2023-11-04
CAMP0233,Email,2441.36,3993,197,2023-09-15
CAMP0234,Referral,2246.27,2261,145,2023-09-28
CAMP0235,Social Media,1417.3,2357,132,2023-12-15
CAMP0236,Organic,0,889,110,2023-12-03
CAMP0237,Organic,0,3224,95,2023-10-11
CAMP0238,Paid Search,2874.7,2442,47,2023-11-27
CAMP0239,Email,2545.78,2268,54,2023-09-12
CAMP0240,Paid Search,2491.78,745,180,2023-11-11
CAMP0241,Referral,1816.55,1000,135,2023-11-25
CAMP0242,Paid Search,2658.74,3573,138,2023-12-30
CAMP0243,Email,2914.68,1779,120,2023-11-16
CAMP0244,Email,1860.38,1133,198,2023-09-28
CAMP0245,Organic,0,3970,57,2023-09-29
CAMP0246,Paid Search,2582.51,970,101,2023-10-18
CAMP0247,Referral,910.63,3961,173,2023-10-25
CAMP0248,Referral,1956.65,2780,36,2023-11-22
CAMP0249,Referral,2808.53,3340,98,2023-12-16
CAMP0250,Email,787.12,3622,109,2023-11-29
CAMP0251,Paid Search,1247.76,1086,174,2023-09-24
CAMP0252,Organic,0,1081,192,2023-09-09
CAMP0253,Email,547.75,1381,126,2023-11-07
CAMP0254,Organic,0,1896,70,2023-10-29
CAMP0255,Paid Search,1141.42,3681,175,2023-10-12
CAMP0256,Referral,529.38,1137,70,2023-09-07
CAMP0257,Referral,434.36,1614,143,2023-09-11
CAMP0258,Organic,0,2986,143,2023-11-02
CAMP0259,Organic,0,1382,161,2023-10-05
CAMP0260,Email,1231.97,1660,181,2023-09-15
CAMP0261,Organic,0,3232,108,2023-11-07
CAMP0262,Email,895.4,724,31,2023-11-16
CAMP0263,Social Media,1113.83,3643,65,2023-09-28
CAMP0264,Paid Search,1081.51,531,157,2023-09-16
CAMP0265,Organic,0,1029,127,2023-09-23
CAMP0266,Referral,2199.91,2788,120,2023-11-04
CAMP0267,Email,1372.09,673,141,2023-12-04
CAMP0268,Email,1541.34,1782,177,2023-09-10
CAMP0269,Organic,0,2156,193,2023-11-13
CAMP0270,Organic,0,971,133,2023-10-08
CAMP0271,Email,2908.74,3782,188,2023-09-22
CAMP0272,Organic,0,3324,122,2023-12-16
CAMP0273,Email,1479.12,1496,141,2023-09-14
CAMP0274,Referral,1381.21,2121,109,2023-09-11
CAMP0275,Paid Search,898.24,1188,49,2023-12-09
CAMP0276,Referral,2009.71,2588,79,2023-11-07
CAMP0277,Paid Search,1247.97,3143,67,2023-12-14
CAMP0278,Social Media,577.57,1308,74,2023-10-03
CAMP0279,Referral,712.75,3184,49,2023-12-07
CAMP0280,Social Media,2868.49,2523,148,2023-11-20
CAMP0281,Referral,2351.67,3289,174,2023-10-28
CAMP0282,Referral,1172.66,1794,68,2023-11-20
CAMP0283,Organic,0,2420,143,2023-09-09
CAMP0284,Paid Search,2450.09,730,120,2023-11-15
CAMP0285,Referral,500.31,2351,39,2023-10-30
CAMP0286,Email,1295.59,814,195,2023-10-07
CAMP0287,Email,1960.52,2074,148,2023-11-04
CAMP0288,Referral,1796.65,3526,40,2023-12-11
CAMP0289,Organic,0,3817,176,2023-12-26
CAMP0290,Social Media,1168.12,2553,68,2023-10-31
CAMP0291,Email,1516.41,3929,117,2023-12-13
CAMP0292,Email,1662.28,660,93,2023-09-23
CAMP0293,Organic,0,2646,163,2023-10-27
CAMP0294,Referral,728.61,1658,129,2023-10-18
CAMP0295,Organic,0,1885,183,2023-12-09
CAMP0296,Email,2430.91,1870,46,2023-11-22
CAMP0297,Paid Search,555.17,2083,102,2023-11-26
CAMP0298,Paid Search,2254.08,2968,68,2023-11-24
CAMP0299,Paid Search,520.06,1079,119,2023-11-24
CAMP0300,Paid Search,2912.78,3212,130,2023-11-29
CAMP0301,Social Media,1906.61,847,109,2023-12-30
CAMP0302,Referral,1317.03,1845,62,2023-12-11
CAMP0303,Referral,552.32,2234,160,2023-11-25
CAMP0304,Paid Search,349.22,1238,84,2023-10-10
CAMP0305,Paid Search,2858.7,1286,87,2023-11-02
CAMP0306,Social Media,718.35,3958,55,2023-10-08
CAMP0307,Referral,2381.36,3525,164,2023-12-16
CAMP0308,Email,2087.21,3638,188,2023-12-22
CAMP0309,Social Media,1912.57,1164,76,2023-09-20
CAMP0310,Referral,2484.42,3453,142,2023-09-22
CAMP0311,Email,1409.32,3447,90,2023-11-26
CAMP0312,Organic,0,1667,144,2023-11-18
CAMP0313,Social Media,1741.83,3812,150,2023-10-10
CAMP0314,Social Media,1293.17,2304,148,2023-11-13
CAMP0315,Paid Search,2400.93,2660,137,2023-11-04
CAMP0316,Social Media,2505.61,2976,65,2023-12-12
CAMP0317,Paid Search,440.89,2020,171,2023-11-01
CAMP0318,Email,2220.78,3986,61,2023-11-06
CAMP0319,Paid Search,526.46,1617,145,2023-09-21
CAMP0320,Referral,697.84,875,86,2023-10-26
CAMP0321,Organic,0,1931,36,2023-12-23
CAMP0322,Organic,0,2123,158,2023-09-07
CAMP0323,Paid Search,936.6,2035,87,2023-09-11
CAMP0324,Email,1160.45,3937,196,2023-09-13
CAMP0325,Paid Search,2436.73,656,103,2023-09-18
CAMP0326,Organic,0,3904,65,2023-11-29
CAMP0327,Organic,0,3020,31,2023-10-28
CAMP0328,Email,351.31,3920,68,2023-09-28
CAMP0329,Referral,2838.61,2661,138,2023-11-17
CAMP0330,Email,2395.67,1733,61,2023-10-01
CAMP0331,Email,943.79,3751,189,2023-11-21
CAMP0332,Organic,0,954,157,2023-09-09
CAMP0333,Referral,1747.35,2610,177,2023-11-20
CAMP0334,Social Media,2240.07,2258,30,2023-10-08
CAMP0335,Referral,1252.6,2206,77,2023-11-13
CAMP0336,Email,1713.41,777,164,2023-10-17
CAMP0337,Referral,1669.78,2769,35,2023-11-04
CAMP0338,Organic,0,2425,41,2023-12-21
CAMP0339,Organic,0,1538,34,2023-10-18
CAMP0340,Paid Search,2429,1487,198,2023-10-15
CAMP0341,Email,2383.05,3599,115,2023-12-04
CAMP0342,Social Media,419.71,1886,194,2023-11-09
CAMP0343,Social Media,2542.04,2403,152,2023-11-27
CAMP0344,Social Media,2491.04,3432,147,2023-09-09
CAMP0345,Email,1092.29,3740,81,2023-09-06
CAMP0346,Email,1152.11,2611,131,2023-10-10
CAMP0347,Referral,1578.18,3585,195,2023-09-05
CAMP0348,Social Media,1072.5,3698,42,2023-12-20
CAMP0349,Paid Search,1037.68,2007,141,2023-12-12
CAMP0350,Organic,0,2301,128,2023-12-05
CAMP0351,Paid Search,2929.05,3334,157,2023-11-03
CAMP0352,Paid Search,2795.64,1592,51,2023-11-06
CAMP0353,Organic,0,2263,184,2023-09-11
CAMP0354,Social Media,1772.78,920,50,2023-10-12
CAMP0355,Paid Search,2084.48,2326,184,2023-10-10
CAMP0356,Organic,0,3325,143,2023-09-22
CAMP0357,Paid Search,1507.25,1944,187,2023-12-03
CAMP0358,Organic,0,3119,44,2023-10-06
CAMP0359,Email,2112.2,1988,161,2023-10-22
CAMP0360,Social Media,2872.53,3976,185,2023-09-19
CAMP0361,Organic,0,1017,47,2023-09-05
CAMP0362,Social Media,2401.99,1983,128,2023-10-17
CAMP0363,Referral,387.44,3281,145,2023-09-20
CAMP0364,Paid Search,1304.44,814,176,2023-12-07
CAMP0365,Social Media,1729.54,1787,196,2023-10-21
CAMP0366,Paid Search,973.95,606,77,2023-09-15
CAMP0367,Organic,0,2085,173,2023-11-06
CAMP0368,Email,1006.8,3383,144,2023-10-04
CAMP0369,Social Media,2990.19,3342,155,2023-10-07
CAMP0370,Social Media,631.12,803,145,2023-12-19
CAMP0371,Social Media,2726.43,859,111,2023-10-27
CAMP0372,Paid Search,2215.76,2720,104,2023-11-10
CAMP0373,Paid Search,2598.68,3406,193,2023-12-01
CAMP0374,Social Media,2442.98,1418,61,2023-11-05
CAMP0375,Social Media,2438.58,3737,156,2023-10-01
CAMP0376,Email,1274.42,2011,149,2023-11-13
CAMP0377,Referral,650.38,853,46,2023-12-23
CAMP0378,Paid Search,1375.03,3444,152,2023-12-01
CAMP0379,Referral,1409.15,3872,177,2023-10-23
CAMP0380,Email,638.38,3131,48,2023-10-11
CAMP0381,Organic,0,3285,162,2023-10-30
CAMP0382,Paid Search,646.5,3695,171,2023-12-16
CAMP0383,Referral,791.3,2272,158,2023-09-17
CAMP0384,Email,2544.76,1126,107,2023-11-06
CAMP0385,Social Media,737.31,3405,87,2023-12-29
CAMP0386,Paid Search,2858.2,1663,50,2023-11-06
CAMP0387,Paid Search,830.02,1624,62,2023-11-10
CAMP0388,Paid Search,1958.96,2558,194,2023-09-12
CAMP0389,Social Media,1897.88,1131,73,2023-11-14
CAMP0390,Referral,2245.71,1882,174,2023-11-17
CAMP0391,Email,2528.14,832,41,2023-09-04
CAMP0392,Referral,1014.57,3641,176,2023-09-27
CAMP0393,Organic,0,3117,37,2023-11-19
CAMP0394,Organic,0,3068,169,2023-12-23
CAMP0395,Paid Search,2033.15,2478,92,2023-10-09
CAMP0396,Organic,0,2357,48,2023-10-09
CAMP0397,Email,726.82,2483,148,2023-10-24
CAMP0398,Social Media,1218.52,1780,111,2023-09-19
CAMP0399,Paid Search,2933.51,3615,124,2023-09-17
CAMP0400,Referral,1816.46,1490,149,2023-10-11
CAMP0401,Email,1022.17,1077,54,2023-10-02
CAMP0402,Email,1083.57,3020,137,2023-10-20
CAMP0403,Social Media,2899.25,1154,113,2023-12-25
CAMP0404,Referral,2247.05,3625,70,2023-09-25
CAMP0405,Organic,0,2412,157,2023-11-05
CAMP0406,Paid Search,1642.9,2110,159,2023-09-12
CAMP0407,Organic,0,1381,179,2023-10-01
CAMP0408,Paid Search,431.38,2527,182,2023-10-07
CAMP0409,Organic,0,2698,32,2023-10-07
CAMP0410,Email,1463.5,1583,123,2023-12-22
CAMP0411,Organic,0,685,132,2023-10-17
CAMP0412,Email,1839.76,1984,171,2023-09-25
CAMP0413,Paid Search,498.54,2344,170,2023-11-04
CAMP0414,Paid Search,2528.34,3286,186,2023-11-19
CAMP0415,Email,647.39,2113,125,2023-09-13
CAMP0416,Paid Search,1806.15,3592,66,2023-10-17
CAMP0417,Social Media,1926.65,2548,40,2023-10-22
CAMP0418,Email,405.07,1864,151,2023-12-01
CAMP0419,Referral,1533.87,2611,65,2023-11-17
CAMP0420,Paid Search,2814.7,1165,130,2023-10-11
CAMP0421,Referral,2296.16,2931,116,2023-10-09
CAMP0422,Referral,2536.38,2506,174,2023-11-08
CAMP0423,Paid Search,1582.21,2008,114,2023-09-03
CAMP0424,Email,2945.72,1760,191,2023-11-14
CAMP0425,Email,1911.66,3185,178,2023-10-04
CAMP0426,Referral,914.37,2890,152,2023-09-07
CAMP0427,Social Media,1715.43,3038,127,2023-12-02
CAMP0428,Social Media,2518.49,629,176,2023-10-02
CAMP0429,Email,815.12,1784,137,2023-10-27
CAMP0430,Social Media,1414.99,2180,158,2023-09-27
CAMP0431,Referral,2785.41,3974,45,2023-12-21
CAMP0432,Social Media,1700.44,1831,199,2023-11-11
CAMP0433,Organic,0,2043,110,2023-11-07
CAMP0434,Social Media,1541.09,1902,169,2023-11-08
CAMP0435,Paid Search,2124.85,3452,194,2023-12-21
CAMP0436,Paid Search,1947.21,1509,101,2023-09-25
CAMP0437,Referral,1105.95,1719,103,2023-12-30
CAMP0438,Social Media,2163.65,1798,152,2023-11-02
CAMP0439,Paid Search,1813.32,3757,100,2023-12-29
CAMP0440,Paid Search,629.06,2724,127,2023-11-26
CAMP0441,Organic,0,1913,67,2023-12-14
CAMP0442,Paid Search,413.58,823,118,2023-12-01
CAMP0443,Organic,0,1550,152,2023-11-23
CAMP0444,Social Media,845.58,1610,173,2023-11-08
CAMP0445,Paid Search,670.64,3534,180,2023-11-18
CAMP0446,Social Media,954.64,2675,87,2023-11-25
CAMP0447,Social Media,441.73,1852,150,2023-10-23
CAMP0448,Email,2139.22,521,170,2023-09-18
CAMP0449,Social Media,1398.65,2448,152,2023-12-29
CAMP0450,Social Media,2340.96,1815,103,2023-10-07
CAMP0451,Email,2751.43,3171,176,2023-09-12
CAMP0452,Social Media,1744.91,3982,39,2023-12-02
CAMP0453,Social Media,1428.29,1220,39,2023-12-17
CAMP0454,Organic,0,2529,77,2023-12-10
CAMP0455,Paid Search,2667.21,1722,175,2023-09-02
CAMP0456,Referral,589.71,1665,146,2023-10-13
CAMP0457,Referral,1715.66,1049,159,2023-12-23
CAMP0458,Organic,0,1289,58,2023-10-05
CAMP0459,Paid Search,738.73,3155,95,2023-10-29
CAMP0460,Social Media,338.03,3738,105,2023-10-14
CAMP0461,Referral,2120.88,1218,186,2023-09-25
CAMP0462,Organic,0,2251,161,2023-12-15
CAMP0463,Paid Search,534.19,890,77,2023-11-25
CAMP0464,Social Media,1589.13,1516,31,2023-12-29
CAMP0465,Paid Search,1335.65,3587,98,2023-10-28
CAMP0466,Paid Search,1115.25,2846,32,2023-12-02
CAMP0467,Paid Search,2064.95,1467,45,2023-11-28
CAMP0468,Email,1556.57,2160,158,2023-09-21
CAMP0469,Paid Search,2163.78,1708,124,2023-11-21
CAMP0470,Referral,896.29,2458,69,2023-09-18
CAMP0471,Organic,0,2981,125,2023-12-05
CAMP0472,Organic,0,2749,150,2023-11-29
CAMP0473,Referral,2465.39,1394,93,2023-12-15
CAMP0474,Referral,2657.46,2652,144,2023-09-11
CAMP0475,Referral,2200.17,2810,58,2023-09-10
CAMP0476,Email,2537.69,2570,81,2023-12-25
CAMP0477,Referral,1748.98,1843,163,2023-09-22
CAMP0478,Organic,0,3286,82,2023-09-15
CAMP0479,Referral,1619.84,2590,144,2023-12-25
CAMP0480,Email,1524.27,2201,146,2023-11-05
CAMP0481,Referral,455.89,3255,108,2023-10-30
CAMP0482,Email,1369.06,512,85,2023-12-14
CAMP0483,Referral,497.18,1911,46,2023-10-25
CAMP0484,Referral,2984.13,782,150,2023-12-29
CAMP0485,Email,1075.14,3649,64,2023-09-24
CAMP0486,Organic,0,2066,144,2023-10-18
CAMP0487,Organic,0,828,199,2023-10-19
CAMP0488,Referral,659.07,1924,60,2023-12-20
CAMP0489,Social Media,2980.69,2666,62,2023-10-21
CAMP0490,Social Media,2554.02,593,106,2023-12-06
CAMP0491,Organic,0,3445,169,2023-11-26
CAMP0492,Organic,0,2053,88,2023-11-08
CAMP0493,Social Media,1543.69,1629,78,2023-09-20
CAMP0494,Email,386.99,2217,187,2023-11-24
CAMP0495,Email,949.8,913,182,2023-09-09
CAMP0496,Email,1505.39,3380,42,2023-11-26
CAMP0497,Social Media,2299.46,2297,89,2023-10-22
CAMP0498,Referral,886.63,3678,44,2023-12-20
CAMP0499,Social Media,1660.52,1459,177,2023-10-08
CAMP0500,Paid Search,1859.18,3254,112,2023-12-08
CAMP0501,Social Media,1114.76,3204,163,2023-09-19
CAMP0502,Social Media,1416.61,749,172,2023-10-06
CAMP0503,Referral,2675.23,1217,190,2023-12-26
CAMP0504,Organic,0,2530,42,2023-11-11
CAMP0505,Paid Search,2842.28,2061,164,2023-11-25
CAMP0506,Paid Search,2180.03,1111,106,2023-10-23
CAMP0507,Organic,0,3590,167,2023-09-24
CAMP0508,Organic,0,3978,87,2023-10-01
CAMP0509,Paid Search,2615.36,3800,148,2023-09-19
CAMP0510,Email,1818.44,2782,165,2023-10-24
CAMP0511,Social Media,1348.73,1332,114,2023-10-03
CAMP0512,Email,2790.01,2019,53,2023-12-18
CAMP0513,Referral,2256.38,711,98,2023-09-25
CAMP0514,Organic,0,2977,184,2023-11-26
CAMP0515,Email,2658.78,3795,180,2023-09-25
CAMP0516,Referral,885.94,1863,107,2023-09-27
CAMP0517,Email,871.88,3537,60,2023-09-25
CAMP0518,Organic,0,1493,184,2023-12-27
CAMP0519,Social Media,1370.91,2761,112,2023-10-01
CAMP0520,Paid Search,1327.79,3157,121,2023-11-08
CAMP0521,Paid Search,1006.22,2536,149,2023-11-05
CAMP0522,Email,2467.6,2423,111,2023-12-02
CAMP0523,Social Media,1300.9,687,174,2023-10-23
CAMP0524,Social Media,2301.38,1568,171,2023-09-03
CAMP0525,Referral,1863.69,1709,69,2023-10-24
CAMP0526,Social Media,1190.64,2833,92,2023-10-19
CAMP0527,Organic,0,3181,116,2023-11-10
CAMP0528,Paid Search,2361.07,3463,194,2023-11-02
CAMP0529,Organic,0,1189,120,2023-10-29
CAMP0530,Social Media,677.89,2500,77,2023-11-09
CAMP0531,Referral,2973.87,2646,38,2023-09-08
CAMP0532,Email,2852.01,698,31,2023-11-25
CAMP0533,Organic,0,3951,191,2023-09-18
CAMP0534,Social Media,483.51,537,85,2023-09-20
CAMP0535,Referral,1531.23,3030,193,2023-09-08
CAMP0536,Referral,2764.43,2498,34,2023-11-24
CAMP0537,Email,1736.97,548,34,2023-10-23
CAMP0538,Referral,2249.92,1674,34,2023-11-08
CAMP0539,Referral,2495.52,2263,75,2023-11-26
CAMP0540,Email,2778.73,1109,91,2023-11-07
CAMP0541,Social Media,1973.41,3839,120,2023-10-03
CAMP0542,Paid Search,2446.33,2028,133,2023-09-11
CAMP0543,Organic,0,1496,87,2023-11-12
CAMP0544,Paid Search,2146.91,830,197,2023-12-18
CAMP0545,Email,552.45,2044,171,2023-10-19
CAMP0546,Organic,0,3108,32,2023-09-08
CAMP0547,Social Media,523.25,2277,195,2023-12-18
CAMP0548,Paid Search,1827.81,890,165,2023-12-19
CAMP0549,Email,920.37,3335,175,2023-12-25
CAMP0550,Organic,0,690,49,2023-10-05
CAMP0551,Paid Search,2728.14,3195,38,2023-11-12
CAMP0552,Social Media,2807.67,564,83,2023-10-11
CAMP0553,Referral,689.32,3419,131,2023-12-15
CAMP0554,Email,1108.05,1484,175,2023-11-12
CAMP0555,Organic,0,2714,114,2023-11-26
CAMP0556,Organic,0,3529,65,2023-12-06
CAMP0557,Email,1652.14,719,55,2023-10-15
CAMP0558,Organic,0,3935,49,2023-09-30
CAMP0559,Paid Search,1933.96,2939,131,2023-11-18
CAMP0560,Paid Search,379.99,3709,145,2023-10-05
CAMP0561,Organic,0,1957,171,2023-09-30
CAMP0562,Organic,0,1260,179,2023-10-26
CAMP0563,Organic,0,3662,188,2023-09-11
CAMP0564,Paid Search,2454.75,801,51,2023-12-01
CAMP0565,Paid Search,716.4,3710,192,2023-12-01
CAMP0566,Social Media,2297.07,1977,57,2023-10-11
CAMP0567,Email,314.03,2321,122,2023-10-10
CAMP0568,Paid Search,576.02,1267,140,2023-09-12
CAMP0569,Organic,0,2772,161,2023-11-11
CAMP0570,Organic,0,607,52,2023-09-14
CAMP0571,Paid Search,1796.39,2949,113,2023-11-16
CAMP0572,Organic,0,1695,135,2023-09-02
CAMP0573,Organic,0,846,173,2023-12-09
CAMP0574,Social Media,1844.29,3307,127,2023-09-22
CAMP0575,Social Media,674.87,1599,156,2023-10-09
CAMP0576,Social Media,470.82,1630,137,2023-10-26
CAMP0577,Paid Search,1607.42,1979,94,2023-09-10
CAMP0578,Social Media,2246.43,2932,187,2023-11-03
CAMP0579,Social Media,1536.23,1747,31,2023-09-18
CAMP0580,Organic,0,3947,188,2023-10-13
CAMP0581,Organic,0,1849,142,2023-12-12
CAMP0582,Paid Search,1462.66,3166,182,2023-12-15
CAMP0583,Social Media,1111.18,3347,81,2023-11-17
CAMP0584,Organic,0,1227,131,2023-10-11
CAMP0585,Paid Search,1086.91,3092,155,2023-11-28
CAMP0586,Referral,2411.33,2040,101,2023-10-12
CAMP0587,Organic,0,966,174,2023-10-17
CAMP0588,Social Media,1899.01,1236,170,2023-11-09
CAMP0589,Email,2873.11,3401,83,2023-10-30
CAMP0590,Organic,0,1693,47,2023-12-12
CAMP0591,Organic,0,2545,65,2023-11-26
CAMP0592,Paid Search,953.46,1131,138,2023-11-24
CAMP0593,Organic,0,2339,183,2023-09-10
CAMP0594,Organic,0,2141,166,2023-11-14
CAMP0595,Referral,2793.44,3333,137,2023-12-21
CAMP0596,Referral,399.27,3373,167,2023-10-17
CAMP0597,Referral,2023.09,947,93,2023-09-11
CAMP0598,Paid Search,749.11,681,174,2023-11-18
CAMP0599,Organic,0,1858,140,2023-12-06
CAMP0600,Email,328.48,1409,160,2023-10-04
CAMP0601,Referral,1806.58,2856,86,2023-11-28
CAMP0602,Organic,0,2102,148,2023-10-18
CAMP0603,Referral,2164.18,1912,36,2023-09-20
CAMP0604,Organic,0,1710,136,2023-09-14
CAMP0605,Email,613.39,3490,66,2023-12-30
CAMP0606,Paid Search,1142.1,3712,82,2023-10-29
CAMP0607,Referral,1603.9,899,142,2023-10-31
CAMP0608,Organic,0,775,106,2023-10-11
CAMP0609,Email,2487.5,592,117,2023-09-15
CAMP0610,Email,2128.28,3533,92,2023-09-22
CAMP0611,Referral,771.02,1855,173,2023-09-21
CAMP0612,Organic,0,1449,133,2023-10-30
CAMP0613,Social Media,803.24,2270,131,2023-11-24
CAMP0614,Email,2290.95,1308,145,2023-12-23
CAMP0615,Referral,1459.79,3386,84,2023-09-01
CAMP0616,Social Media,1051.53,3812,46,2023-11-30
CAMP0617,Referral,574.73,2699,77,2023-12-21
CAMP0618,Paid Search,1180.16,966,97,2023-10-29
CAMP0619,Organic,0,3117,110,2023-11-07
CAMP0620,Referral,1349.33,2904,59,2023-10-21
CAMP0621,Paid Search,1250.36,3028,74,2023-10-29
CAMP0622,Paid Search,2780.44,847,64,2023-11-15
CAMP0623,Paid Search,618.23,979,76,2023-10-10
CAMP0624,Paid Search,2172.28,2091,137,2023-11-05
CAMP0625,Referral,672.24,2232,77,2023-10-20
CAMP0626,Organic,0,2701,195,2023-11-21
CAMP0627,Social Media,1798.26,1683,65,2023-11-02
CAMP0628,Social Media,1149.37,3037,43,2023-10-28
CAMP0629,Paid Search,2869.97,1059,79,2023-11-02
CAMP0630,Organic,0,2570,197,2023-11-11
CAMP0631,Organic,0,3304,155,2023-10-23
CAMP0632,Organic,0,3940,143,2023-11-30
CAMP0633,Organic,0,838,174,2023-09-22
CAMP0634,Email,2448.88,1696,38,2023-09-29
CAMP0635,Paid Search,907.08,1188,147,2023-10-07
CAMP0636,Referral,2304.8,2528,170,2023-12-08
CAMP0637,Referral,605.67,1597,169,2023-09-15
CAMP0638,Paid Search,1763.52,670,142,2023-12-06
CAMP0639,Referral,890.06,919,197,2023-10-25
CAMP0640,Social Media,1103.81,2342,97,2023-09-05
CAMP0641,Paid Search,2627.94,2298,60,2023-09-12
CAMP0642,Social Media,866.67,2908,119,2023-12-04
CAMP0643,Referral,2008.48,3023,65,2023-09-22
CAMP0644,Social Media,2496.53,743,175,2023-12-13
CAMP0645,Paid Search,1737.16,2706,73,2023-11-16
CAMP0646,Paid Search,2943.3,1685,176,2023-10-08
CAMP0647,Paid Search,2871.47,3282,54,2023-11-05
CAMP0648,Social Media,2899.48,2185,45,2023-12-10
CAMP0649,Paid Search,2641.03,3373,63,2023-09-17
CAMP0650,Social Media,694.86,3893,93,2023-10-12
CAMP0651,Organic,0,1082,177,2023-11-02
CAMP0652,Paid Search,1995.09,2351,49,2023-10-19
CAMP0653,Email,1387.7,1639,124,2023-12-05
CAMP0654,Organic,0,1840,178,2023-11-02
CAMP0655,Email,2646.05,3501,53,2023-12-18
CAMP0656,Organic,0,3220,121,2023-11-21
CAMP0657,Email,2448.33,1392,139,2023-10-21
CAMP0658,Social Media,1635.73,3892,102,2023-10-12
CAMP0659,Paid Search,1777.74,2818,154,2023-09-17
CAMP0660,Paid Search,2714.22,698,41,2023-12-07
CAMP0661,Email,1990.68,2382,34,2023-12-17
CAMP0662,Email,2809.47,2307,146,2023-09-21
CAMP0663,Email,2977.96,1328,63,2023-10-25
CAMP0664,Paid Search,729.24,1622,53,2023-12-29
CAMP0665,Paid Search,976.05,3221,196,2023-10-18
CAMP0666,Social Media,439.83,1751,89,2023-11-20
CAMP0667,Organic,0,873,54,2023-11-23
CAMP0668,Email,876.24,1043,181,2023-09-10
CAMP0669,Social Media,1702.5,538,32,2023-10-27
CAMP0670,Paid Search,2506.19,2229,63,2023-12-20
CAMP0671,Organic,0,1437,128,2023-09-10
CAMP0672,Email,2273.06,922,110,2023-09-14
CAMP0673,Paid Search,2678.67,2067,64,2023-09-18
CAMP0674,Social Media,484.71,534,186,2023-11-12
CAMP0675,Social Media,1488.27,1372,190,2023-12-02
CAMP0676,Social Media,2783.71,3312,143,2023-11-18
CAMP0677,Social Media,534.06,1073,61,2023-09-13
CAMP0678,Referral,2271.02,2258,110,2023-10-15
CAMP0679,Social Media,969.02,845,93,2023-11-22
CAMP0680,Referral,1922.7,2988,102,2023-12-02
CAMP0681,Email,2589.31,1735,82,2023-11-24
CAMP0682,Referral,1938.7,3563,130,2023-09-25
CAMP0683,Paid Search,2044.66,3751,91,2023-12-10
CAMP0684,Organic,0,961,91,2023-10-20
CAMP0685,Organic,0,2932,48,2023-11-21
CAMP0686,Referral,2699.56,1979,111,2023-09-02
CAMP0687,Social Media,1344.46,2828,137,2023-12-17
CAMP0688,Paid Search,1775.16,3624,150,2023-09-23
CAMP0689,Email,345.06,556,97,2023-09-09
CAMP0690,Social Media,407.53,3732,131,2023-09-08
CAMP0691,Referral,1073.52,2552,136,2023-12-01
CAMP0692,Organic,0,2147,51,2023-11-29
CAMP0693,Referral,1751.67,1636,51,2023-09-20
CAMP0694,Paid Search,513.36,1332,69,2023-12-27
CAMP0695,Referral,1182.23,3098,196,2023-11-15
CAMP0696,Email,1137.46,3489,91,2023-10-26
CAMP0697,Email,960.1,2279,59,2023-12-28
CAMP0698,Organic,0,2993,44,2023-11-18
CAMP0699,Paid Search,2098.41,3533,74,2023-11-24
CAMP0700,Email,334.2,3373,32,2023-09-18
CAMP0701,Social Media,1640.31,2642,162,2023-10-15
CAMP0702,Paid Search,750.8,3571,98,2023-09-17
CAMP0703,Email,2382.86,1872,139,2023-09-04
CAMP0704,Paid Search,1714.41,3417,177,2023-10-04
CAMP0705,Email,1639.6,1975,44,2023-11-05
CAMP0706,Organic,0,2821,72,2023-12-19
CAMP0707,Paid Search,724.74,921,176,2023-12-08
CAMP0708,Email,916.69,510,41,2023-11-05
CAMP0709,Email,960.29,1990,128,2023-10-31
CAMP0710,Social Media,783.19,644,171,2023-12-19
CAMP0711,Organic,0,1818,93,2023-09-29
CAMP0712,Organic,0,3450,111,2023-12-27
CAMP0713,Paid Search,2530.19,2027,60,2023-11-13
CAMP0714,Referral,2117.98,1234,87,2023-09-07
CAMP0715,Referral,2949.82,782,149,2023-10-22
CAMP0716,Paid Search,2388.52,1840,52,2023-10-10
CAMP0717,Referral,1533.21,1321,104,2023-10-18
CAMP0718,Referral,2418.17,3050,92,2023-12-04
CAMP0719,Organic,0,2923,156,2023-10-18
CAMP0720,Social Media,2277.65,3614,92,2023-11-09
CAMP0721,Social Media,317.22,597,89,2023-10-23
CAMP0722,Referral,1235.34,3340,32,2023-12-17
CAMP0723,Paid Search,303.95,2041,108,2023-11-24
CAMP0724,Email,854.02,2219,155,2023-10-01
CAMP0725,Email,2925.91,3414,101,2023-09-19
CAMP0726,Email,418.53,3963,163,2023-09-30
CAMP0727,Organic,0,2025,147,2023-11-29
CAMP0728,Email,1868.08,1046,193,2023-11-04
CAMP0729,Organic,0,2924,175,2023-09-10
CAMP0730,Email,1474.45,1469,104,2023-09-17
CAMP0731,Paid Search,2597.47,3780,130,2023-12-28
CAMP0732,Paid Search,1158.76,1456,49,2023-10-05
CAMP0733,Social Media,667.5,2894,57,2023-12-08
CAMP0734,Social Media,585.28,2408,110,2023-10-28
CAMP0735,Organic,0,2695,121,2023-09-16
CAMP0736,Social Media,1520.18,1585,60,2023-10-30
CAMP0737,Email,725.56,1746,184,2023-11-27
CAMP0738,Email,880.56,1842,67,2023-12-19
CAMP0739,Email,2220.12,2123,161,2023-10-16
CAMP0740,Email,2128.4,3859,74,2023-10-04
CAMP0741,Email,2870.66,2352,172,2023-12-19
CAMP0742,Referral,974.6,917,65,2023-10-30
CAMP0743,Email,332.28,3698,86,2023-12-16
CAMP0744,Social Media,834.96,2024,191,2023-10-22
CAMP0745,Email,1872.27,3829,49,2023-10-04
CAMP0746,Email,2992.34,3145,143,2023-09-26
CAMP0747,Social Media,548.34,3897,114,2023-12-18
CAMP0748,Email,415.28,707,73,2023-10-30
CAMP0749,Referral,1469.52,2117,157,2023-12-02
CAMP0750,Email,1333.37,1207,120,2023-10-25
CAMP0751,Social Media,2752.42,1646,144,2023-10-06
CAMP0752,Social Media,393.55,3027,92,2023-11-19
CAMP0753,Paid Search,1647.01,2755,152,2023-12-22
CAMP0754,Email,536.85,1062,137,2023-10-20
CAMP0755,Social Media,2035.16,2653,93,2023-12-12
CAMP0756,Referral,2446.08,3702,121,2023-10-19
CAMP0757,Organic,0,3700,154,2023-11-09
CAMP0758,Paid Search,2764.23,1817,129,2023-11-04
CAMP0759,Paid Search,785.5,2945,86,2023-10-11
CAMP0760,Email,2718.56,1650,44,2023-12-09
CAMP0761,Organic,0,1964,179,2023-11-07
CAMP0762,Social Media,2929.75,1515,198,2023-09-13
CAMP0763,Social Media,1019.62,3740,44,2023-12-14
CAMP0764,Social Media,1854.37,2090,120,2023-12-12
CAMP0765,Social Media,775.47,1802,121,2023-11-15
CAMP0766,Referral,376.16,1940,175,2023-11-29
CAMP0767,Referral,683.68,3927,156,2023-09-25
CAMP0768,Referral,1134.44,655,53,2023-11-02
CAMP0769,Email,928.08,581,164,2023-09-29
CAMP0770,Organic,0,1858,187,2023-09-01
CAMP0771,Social Media,2477.4,3436,75,2023-10-14
CAMP0772,Paid Search,460.8,2902,66,2023-09-19
CAMP0773,Email,2585.5,1994,48,2023-12-20
CAMP0774,Paid Search,2202.25,2120,180,2023-11-24
CAMP0775,Email,1208.71,1058,70,2023-10-12
CAMP0776,Organic,0,3118,154,2023-12-11
CAMP0777,Paid Search,770.35,3340,187,2023-11-11
CAMP0778,Paid Search,902.74,3836,74,2023-11-15
CAMP0779,Organic,0,3506,105,2023-10-10
CAMP0780,Social Media,779.81,3375,176,2023-09-01
CAMP0781,Organic,0,3657,175,2023-12-18
CAMP0782,Email,791.62,3812,186,2023-10-11
CAMP0783,Social Media,2027.05,2532,66,2023-09-14
CAMP0784,Paid Search,2312.43,1920,111,2023-10-01
CAMP0785,Social Media,2017.7,3865,193,2023-09-12
CAMP0786,Paid Search,1505.9,1358,93,2023-10-04
CAMP0787,Email,1246.3,942,30,2023-12-10
CAMP0788,Email,1342.03,2218,72,2023-12-03
CAMP0789,Organic,0,2051,119,2023-11-03
CAMP0790,Referral,1313.44,2463,177,2023-12-16
CAMP0791,Social Media,739.17,3773,38,2023-09-10
CAMP0792,Paid Search,354.21,928,48,2023-10-04
CAMP0793,Paid Search,759.28,1159,49,2023-10-19
CAMP0794,Referral,2842.95,1884,182,2023-09-12
CAMP0795,Referral,2711.71,626,140,2023-11-30
CAMP0796,Social Media,1939.76,1143,43,2023-10-26
CAMP0797,Email,1193.96,2176,171,2023-09-25
CAMP0798,Referral,1016.21,1718,90,2023-10-07
CAMP0799,Email,434.02,2751,155,2023-11-13
CAMP0800,Social Media,447.16,2251,52,2023-09-01
CAMP0801,Paid Search,2524.52,2958,152,2023-11-20
CAMP0802,Social Media,561.86,1199,193,2023-09-27
CAMP0803,Paid Search,2938.06,3956,59,2023-10-31
CAMP0804,Paid Search,2419.17,2503,199,2023-10-31
CAMP0805,Paid Search,546.07,2087,77,2023-11-09
CAMP0806,Paid Search,2690.83,1264,144,2023-10-18
CAMP0807,Email,1010.9,1578,87,2023-10-30
CAMP0808,Paid Search,1823.47,3581,200,2023-09-20
CAMP0809,Email,531.41,3810,168,2023-10-15
CAMP0810,Organic,0,2915,88,2023-12-06
CAMP0811,Referral,464.66,3852,163,2023-10-20
CAMP0812,Organic,0,3314,151,2023-11-08
CAMP0813,Referral,2680.47,1724,50,2023-10-31
CAMP0814,Organic,0,3997,38,2023-12-25
CAMP0815,Referral,1842.29,3778,176,2023-11-06
CAMP0816,Referral,698.11,2339,74,2023-12-06
CAMP0817,Social Media,2924.85,1289,62,2023-12-13
CAMP0818,Email,1443.11,2283,81,2023-11-27
CAMP0819,Social Media,2552.09,1809,47,2023-10-04
CAMP0820,Email,1347.87,2761,113,2023-10-21
CAMP0821,Paid Search,1703.16,550,189,2023-12-27
CAMP0822,Referral,1710.92,960,136,2023-10-24
CAMP0823,Social Media,700.14,2886,55,2023-11-15
CAMP0824,Email,1819.25,3718,103,2023-09-13
CAMP0825,Referral,2676.37,2183,97,2023-12-22
CAMP0826,Organic,0,2488,176,2023-11-23
CAMP0827,Referral,1577.23,1628,133,2023-09-23
CAMP0828,Social Media,1969.26,3341,132,2023-11-27
CAMP0829,Email,1368.64,1857,90,2023-12-22
CAMP0830,Email,2313.52,1600,125,2023-12-27
CAMP0831,Email,1212.24,1741,109,2023-12-11
CAMP0832,Paid Search,2575.69,3351,55,2023-12-19
CAMP0833,Social Media,662.84,2314,112,2023-12-05
CAMP0834,Paid Search,2267.76,3144,52,2023-11-17
CAMP0835,Social Media,1492.63,3874,134,2023-12-26
CAMP0836,Organic,0,2615,125,2023-12-07
CAMP0837,Email,1691.23,768,109,2023-09-21
CAMP0838,Referral,1389.14,3986,164,2023-12-09
CAMP0839,Referral,378.16,3911,81,2023-09-25
CAMP0840,Email,973.62,707,122,2023-10-29
CAMP0841,Social Media,1039.74,2401,159,2023-12-15
CAMP0842,Organic,0,1007,37,2023-11-21
CAMP0843,Social Media,1305.66,2327,75,2023-11-16
CAMP0844,Organic,0,2758,119,2023-11-15
CAMP0845,Paid Search,741.49,1559,53,2023-12-24
CAMP0846,Paid Search,374.12,1167,176,2023-09-07
CAMP0847,Social Media,2614.2,1422,82,2023-11-22
CAMP0848,Paid Search,2059.29,582,32,2023-11-05
CAMP0849,Organic,0,1041,195,2023-12-26
CAMP0850,Social Media,1923.08,1416,94,2023-09-02
CAMP0851,Referral,2473.73,3419,194,2023-10-10
CAMP0852,Paid Search,1444.28,3988,119,2023-10-19
CAMP0853,Organic,0,1393,149,2023-10-03
CAMP0854,Paid Search,2128.43,3054,131,2023-12-15
CAMP0855,Referral,576.24,3213,125,2023-11-05
CAMP0856,Referral,2047.82,1657,106,2023-11-17
CAMP0857,Email,1600.69,1632,193,2023-10-14
CAMP0858,Paid Search,2626.03,3187,196,2023-10-04
CAMP0859,Paid Search,808.57,3635,91,2023-11-06
CAMP0860,Email,2474.66,3817,183,2023-12-12
CAMP0861,Organic,0,1809,65,2023-11-24
CAMP0862,Email,2069.58,1562,137,2023-10-08
CAMP0863,Organic,0,3517,39,2023-10-20
CAMP0864,Referral,2211.79,3842,78,2023-11-13
CAMP0865,Paid Search,2261.68,3311,166,2023-09-29
CAMP0866,Organic,0,3251,121,2023-12-26
CAMP0867,Referral,1110.53,3943,198,2023-09-22
CAMP0868,Referral,789.07,2428,62,2023-09-13
CAMP0869,Paid Search,2258,3624,76,2023-11-11
CAMP0870,Paid Search,2066.97,1955,87,2023-09-29
CAMP0871,Paid Search,1435.28,1857,125,2023-12-23
CAMP0872,Paid Search,1881.04,3986,60,2023-10-30
CAMP0873,Organic,0,3098,179,2023-09-07
CAMP0874,Referral,2849.61,2434,79,2023-09-10
CAMP0875,Referral,623.5,2063,165,2023-11-27
CAMP0876,Paid Search,1415.39,3998,68,2023-12-21
CAMP0877,Social Media,2979.34,2176,175,2023-10-14
CAMP0878,Organic,0,1795,76,2023-09-19
CAMP0879,Email,1616.47,1224,110,2023-11-20
CAMP0880,Email,312.73,1357,73,2023-10-06
CAMP0881,Referral,2364.11,3716,52,2023-11-02
CAMP0882,Social Media,1959.1,2258,133,2023-11-21
CAMP0883,Organic,0,2070,31,2023-11-01
CAMP0884,Email,1741.21,2028,33,2023-12-03
CAMP0885,Paid Search,2343.49,1280,34,2023-11-07
CAMP0886,Email,1992.05,1426,118,2023-10-02
CAMP0887,Paid Search,648.11,2561,180,2023-10-20
CAMP0888,Paid Search,750.95,687,106,2023-12-15
CAMP0889,Paid Search,1531,2942,164,2023-11-06
CAMP0890,Paid Search,1470.9,1048,117,2023-11-27
CAMP0891,Organic,0,3572,78,2023-10-16
CAMP0892,Social Media,2859.83,3825,133,2023-12-27
CAMP0893,Email,916.73,1037,84,2023-12-03
CAMP0894,Email,1892.17,1004,123,2023-09-22
CAMP0895,Email,1313.02,1547,166,2023-11-21
CAMP0896,Referral,431.18,3211,57,2023-09-07
CAMP0897,Email,430.23,2207,143,2023-09-15
CAMP0898,Organic,0,2741,94,2023-09-16
CAMP0899,Organic,0,1127,82,2023-11-29
CAMP0900,Email,1113.01,913,199,2023-11-24
CAMP0901,Referral,1028.94,3370,65,2023-11-17
CAMP0902,Organic,0,929,160,2023-12-16
CAMP0903,Referral,617.88,3714,57,2023-09-15
CAMP0904,Organic,0,2994,81,2023-09-26
CAMP0905,Paid Search,2545.05,1966,134,2023-09-26
CAMP0906,Paid Search,733.01,2533,83,2023-11-10
CAMP0907,Organic,0,1460,30,2023-10-13
CAMP0908,Email,2113.41,952,176,2023-12-26
CAMP0909,Organic,0,868,160,2023-09-20
CAMP0910,Email,2253.62,1548,194,2023-09-13
CAMP0911,Social Media,1533.23,1581,148,2023-10-08
CAMP0912,Email,569.48,661,104,2023-09-23
CAMP0913,Paid Search,2464.31,2244,59,2023-10-11
CAMP0914,Email,2598.36,687,32,2023-12-23
CAMP0915,Social Media,2091.06,1846,121,2023-09-22
CAMP0916,Organic,0,1598,53,2023-11-19
CAMP0917,Paid Search,2500.4,966,132,2023-09-24
CAMP0918,Organic,0,1613,128,2023-10-29
CAMP0919,Organic,0,2227,196,2023-12-12
CAMP0920,Social Media,605.25,3475,45,2023-11-29
CAMP0921,Social Media,580.03,2919,153,2023-12-26
CAMP0922,Referral,2131.66,3003,127,2023-09-24
CAMP0923,Paid Search,1950.67,3303,63,2023-12-20
CAMP0924,Organic,0,2499,58,2023-12-27
CAMP0925,Organic,0,688,46,2023-10-27
CAMP0926,Paid Search,2068.43,3385,164,2023-09-02
CAMP0927,Referral,2254.19,3243,116,2023-09-29
CAMP0928,Referral,1712.38,3032,54,2023-11-29
CAMP0929,Organic,0,3476,93,2023-11-24
CAMP0930,Organic,0,3218,194,2023-10-15
CAMP0931,Organic,0,3936,172,2023-09-20
CAMP0932,Referral,447.33,1142,159,2023-11-22
CAMP0933,Organic,0,2530,72,2023-12-19
CAMP0934,Email,2328.86,1486,114,2023-10-12
CAMP0935,Paid Search,435.95,2754,194,2023-09-29
CAMP0936,Organic,0,3846,90,2023-10-22
CAMP0937,Email,1539.56,2847,144,2023-12-12
CAMP0938,Email,2612.79,1794,60,2023-10-28
CAMP0939,Organic,0,3176,34,2023-12-05
CAMP0940,Email,1389.29,2782,170,2023-09-05
CAMP0941,Email,2529.95,2974,188,2023-12-11
CAMP0942,Paid Search,2703.3,1347,197,2023-11-11
CAMP0943,Organic,0,1988,43,2023-10-14
CAMP0944,Social Media,2579.66,2794,188,2023-10-13
CAMP0945,Referral,1577.46,1988,145,2023-11-24
CAMP0946,Email,563.08,1408,30,2023-11-24
CAMP0947,Paid Search,1258.88,3776,104,2023-11-21
CAMP0948,Referral,1709.36,935,41,2023-11-29
CAMP0949,Social Media,1629.54,3436,134,2023-12-15
CAMP0950,Email,986.58,1268,60,2023-09-26
CAMP0951,Organic,0,2372,78,2023-09-28
CAMP0952,Paid Search,590.97,690,192,2023-10-24
CAMP0953,Referral,632.69,2345,147,2023-12-24
CAMP0954,Referral,2881.71,2543,31,2023-09-18
CAMP0955,Referral,2287.78,2272,179,2023-11-10
CAMP0956,Organic,0,2582,75,2023-12-28
CAMP0957,Referral,768.86,1025,56,2023-12-14
CAMP0958,Organic,0,2959,185,2023-11-24
CAMP0959,Paid Search,1661.1,2214,185,2023-10-20
CAMP0960,Social Media,1038.71,1704,145,2023-10-14
CAMP0961,Social Media,673.09,3367,161,2023-11-17
CAMP0962,Paid Search,2576.3,1785,171,2023-11-10
CAMP0963,Social Media,842.4,3426,104,2023-11-19
CAMP0964,Paid Search,2787.22,3409,196,2023-09-17
CAMP0965,Social Media,1660.51,3108,112,2023-11-28
CAMP0966,Email,2354.09,2467,179,2023-11-11
CAMP0967,Referral,2845.22,2209,166,2023-11-30
CAMP0968,Paid Search,2669.19,3810,33,2023-10-25
CAMP0969,Referral,587.47,1095,43,2023-10-19
CAMP0970,Email,839.74,3717,71,2023-12-06
CAMP0971,Paid Search,2145.15,3938,45,2023-09-19
CAMP0972,Paid Search,850.8,632,121,2023-11-09
CAMP0973,Organic,0,3023,173,2023-09-14
CAMP0974,Social Media,2304.51,2092,90,2023-11-11
CAMP0975,Referral,2417.63,3351,103,2023-12-12
CAMP0976,Email,2801.51,2206,110,2023-10-20
CAMP0977,Referral,445.27,1529,81,2023-12-05
CAMP0978,Referral,2645.89,2314,87,2023-12-20
CAMP0979,Paid Search,2338.79,3524,184,2023-11-09
CAMP0980,Social Media,2395.6,1704,144,2023-09-25
CAMP0981,Social Media,2955.32,1265,74,2023-09-10
CAMP0982,Referral,622.26,2255,101,2023-09-06
CAMP0983,Referral,1013.45,2892,95,2023-09-21
CAMP0984,Email,1192.52,1134,40,2023-11-30
CAMP0985,Social Media,2807.3,708,190,2023-11-16
CAMP0986,Referral,2576.48,2509,176,2023-10-09
CAMP0987,Referral,1266.83,3398,111,2023-12-10
CAMP0988,Referral,893.9,2632,47,2023-09-24
CAMP0989,Referral,730.3,2699,133,2023-11-09
CAMP0990,Email,1243.39,1373,199,2023-12-23
CAMP0991,Paid Search,1193.88,1394,188,2023-10-08
CAMP0992,Referral,1582.11,3873,196,2023-11-11
CAMP0993,Email,609.75,2325,91,2023-10-15
CAMP0994,Referral,2780.24,663,112,2023-10-02
CAMP0995,Organic,0,3761,59,2023-12-27
CAMP0996,Organic,0,2712,102,2023-10-03
CAMP0997,Email,2760.61,3655,125,2023-12-15
CAMP0998,Referral,2467.61,2493,41,2023-10-28
CAMP0999,Paid Search,2725.36,1812,161,2023-09-25
CAMP1000,Email,2860.17,3667,167,2023-09-22